,time,16400,16450,16500,16550,16600
0,2023-10-06 11:05,199.0,179.0,165.0,163.0,170.5
1,2023-10-06 11:06,198.0,177.0,166.0,163.0,170.5
2,2023-10-06 11:07,197.5,177.0,166.0,163.0,169.0
3,2023-10-06 11:08,199.0,177.0,165.0,163.0,169.0
4,2023-10-06 11:09,197.0,176.0,164.0,162.0,171.0
5,2023-10-06 11:10,195.0,175.0,163.0,162.0,170.0
6,2023-10-06 11:11,197.0,177.0,165.0,163.0,169.5
7,2023-10-06 11:12,197.0,176.0,165.0,163.0,172.0
8,2023-10-06 11:13,195.0,175.0,165.0,165.0,173.0
9,2023-10-06 11:14,194.0,176.0,165.0,163.0,173.0
10,2023-10-06 11:16,197.0,175.0,165.0,163.0,170.5
11,2023-10-06 11:17,198.0,177.0,164.0,163.0,169.5
12,2023-10-06 11:18,197.0,176.0,165.0,163.0,170.5
13,2023-10-06 11:19,197.0,176.0,165.0,162.0,169.5
14,2023-10-06 11:20,197.5,177.0,165.0,163.0,170.5
15,2023-10-06 11:21,199.0,177.0,166.0,162.0,168.0
16,2023-10-06 11:22,199.0,178.0,166.0,163.0,170.0
17,2023-10-06 11:23,199.0,177.0,166.0,162.0,168.5
18,2023-10-06 11:24,199.0,177.0,165.0,162.0,168.0
19,2023-10-06 11:25,199.0,178.0,166.0,162.0,170.0
20,2023-10-06 11:26,200.5,177.0,166.0,163.0,170.0
21,2023-10-06 11:28,199.5,178.0,165.0,164.0,170.0
22,2023-10-06 11:29,200.0,178.0,165.0,164.0,170.0
23,2023-10-06 11:30,200.0,178.0,165.0,163.0,170.0
24,2023-10-06 11:31,199.0,178.0,164.0,164.0,170.0
25,2023-10-06 11:32,198.5,178.0,165.0,163.0,171.0
26,2023-10-06 11:33,198.5,177.0,165.0,163.0,170.0
27,2023-10-06 11:34,198.5,178.0,164.0,162.0,169.5
28,2023-10-06 11:35,195.5,176.0,164.0,163.0,171.0
29,2023-10-06 11:37,194.0,176.0,163.0,164.0,172.5
30,2023-10-06 11:38,195.0,174.0,164.0,164.0,172.0
31,2023-10-06 11:39,194.0,175.0,164.0,164.0,172.5
32,2023-10-06 11:40,193.5,174.0,163.0,164.0,172.5
33,2023-10-06 11:41,191.5,175.0,165.0,164.0,170.5
34,2023-10-06 11:42,197.0,178.0,166.0,163.0,169.0
35,2023-10-06 11:43,198.0,177.0,165.0,164.0,168.5
36,2023-10-06 11:44,198.5,178.0,166.0,164.0,170.5
37,2023-10-06 11:45,197.5,179.0,166.0,164.0,170.0
38,2023-10-06 11:46,199.0,177.0,167.0,164.0,171.0
39,2023-10-06 11:47,199.5,177.0,167.0,164.0,171.0
40,2023-10-06 11:48,199.5,178.0,167.0,164.0,171.0
41,2023-10-06 11:49,199.5,178.0,165.0,165.0,171.0
42,2023-10-06 11:50,197.5,177.0,166.0,165.0,173.0
43,2023-10-06 11:51,198.5,177.0,167.0,165.0,173.0
44,2023-10-06 11:52,197.5,178.0,166.0,165.0,174.0
45,2023-10-06 11:53,197.5,176.0,167.0,166.0,173.5
46,2023-10-06 11:54,197.5,176.0,167.0,167.0,173.5
47,2023-10-06 11:55,196.5,177.0,166.0,166.0,174.5
48,2023-10-06 11:56,195.5,177.0,166.0,166.0,174.5
49,2023-10-06 11:57,197.5,178.0,166.0,166.0,174.5
50,2023-10-06 11:58,196.5,178.0,166.0,166.0,174.0
51,2023-10-06 11:59,197.0,177.0,166.0,167.0,173.0
52,2023-10-06 12:00,197.0,177.0,166.0,166.0,172.0
53,2023-10-06 12:01,197.0,176.0,165.0,164.0,172.0
54,2023-10-06 12:03,199.0,179.0,167.0,166.0,172.0
55,2023-10-06 12:04,199.0,179.0,167.0,165.0,171.5
56,2023-10-06 12:05,198.5,178.0,167.0,164.0,171.0
57,2023-10-06 12:06,197.5,177.0,166.0,164.0,171.0
58,2023-10-06 12:07,197.5,176.0,166.0,165.0,172.0
59,2023-10-06 12:08,198.5,180.0,166.0,165.0,172.5
60,2023-10-06 12:09,198.0,177.0,166.0,164.0,173.0
61,2023-10-06 12:10,198.5,178.0,165.0,164.0,172.5
62,2023-10-06 12:11,196.5,176.0,166.0,166.0,173.0
63,2023-10-06 12:13,198.0,175.0,167.0,164.0,173.0
64,2023-10-06 12:14,197.5,177.0,166.0,165.0,172.0
65,2023-10-06 12:15,197.5,178.0,165.0,165.0,171.5
66,2023-10-06 12:16,197.5,178.0,166.0,164.0,172.0
67,2023-10-06 12:19,198.0,177.0,166.0,163.0,172.0
68,2023-10-06 12:20,198.0,177.0,166.0,165.0,172.0
69,2023-10-06 12:21,198.0,176.0,165.0,164.0,173.5
70,2023-10-06 12:23,195.0,176.0,165.0,165.0,172.5
71,2023-10-06 12:24,193.0,175.0,164.0,165.0,174.0
72,2023-10-06 12:25,189.0,172.0,162.0,163.0,175.5
73,2023-10-06 12:26,191.0,172.0,162.0,163.0,172.5
74,2023-10-06 12:27,192.0,173.0,163.0,163.0,171.0
75,2023-10-06 12:28,191.5,173.0,163.0,164.0,173.5
76,2023-10-06 12:29,194.0,173.0,163.0,163.0,173.0
77,2023-10-06 12:30,192.5,173.0,163.0,164.0,173.0
78,2023-10-06 12:31,192.0,174.0,164.0,163.0,172.5
79,2023-10-06 12:32,192.5,172.0,162.0,162.0,171.5
80,2023-10-06 12:33,191.5,174.0,163.0,163.0,173.5
81,2023-10-06 12:34,194.0,173.0,162.0,164.0,172.0
82,2023-10-06 12:36,197.0,177.0,164.0,162.0,169.5
83,2023-10-06 12:37,195.5,175.0,165.0,162.0,170.5
84,2023-10-06 12:38,196.0,176.0,164.0,163.0,170.0
85,2023-10-06 12:39,197.0,175.0,164.0,162.0,170.0
86,2023-10-06 12:40,196.0,176.0,164.0,162.0,170.0
87,2023-10-06 12:41,196.0,176.0,164.0,162.0,169.0
88,2023-10-06 12:42,196.0,178.0,165.0,163.0,171.0
89,2023-10-06 12:43,194.5,177.0,163.0,163.0,171.5
90,2023-10-06 12:44,194.0,176.0,163.0,164.0,172.5
91,2023-10-06 12:45,196.0,175.0,163.0,162.0,172.0
92,2023-10-06 12:46,196.0,175.0,164.0,163.0,172.0
93,2023-10-06 12:47,196.5,177.0,165.0,163.0,172.0
94,2023-10-06 12:48,197.0,175.0,163.0,162.0,171.0
95,2023-10-06 12:49,194.5,176.0,165.0,162.0,170.0
96,2023-10-06 12:50,194.0,176.0,164.0,163.0,170.5
97,2023-10-06 12:51,195.0,177.0,165.0,163.0,171.5
98,2023-10-06 12:52,194.5,177.0,164.0,162.0,170.0
99,2023-10-06 12:53,195.5,177.0,163.0,163.0,170.5
100,2023-10-06 12:54,194.5,177.0,163.0,162.0,170.5
101,2023-10-06 12:55,194.5,176.0,163.0,162.0,172.0
102,2023-10-06 12:56,195.0,177.0,163.0,163.0,171.0
103,2023-10-06 12:57,194.5,174.0,165.0,162.0,171.0
104,2023-10-06 12:58,196.0,175.0,164.0,162.0,172.0
105,2023-10-06 13:00,196.0,176.0,164.0,162.0,169.5
106,2023-10-06 13:01,196.5,176.0,164.0,161.0,171.0
107,2023-10-06 13:02,196.0,177.0,164.0,163.0,170.0
108,2023-10-06 13:03,197.5,177.0,164.0,163.0,171.0
109,2023-10-06 13:04,197.0,178.0,165.0,163.0,169.5
110,2023-10-06 13:05,198.0,177.0,165.0,163.0,170.0
111,2023-10-06 13:06,198.0,177.0,165.0,163.0,171.5
112,2023-10-06 13:07,197.5,177.0,165.0,164.0,170.0
113,2023-10-06 13:08,199.0,177.0,166.0,162.0,168.5
114,2023-10-06 13:09,199.0,178.0,164.0,162.0,168.5
115,2023-10-06 13:10,196.5,176.0,165.0,163.0,170.0
116,2023-10-06 13:11,196.5,177.0,164.0,162.0,171.0
117,2023-10-06 13:13,197.0,178.0,165.0,163.0,170.0
118,2023-10-06 13:14,196.0,176.0,165.0,163.0,172.5
119,2023-10-06 13:15,196.0,175.0,165.0,164.0,171.5
120,2023-10-06 13:16,196.0,177.0,165.0,162.0,172.0
121,2023-10-06 13:17,196.5,177.0,165.0,162.0,171.5
122,2023-10-06 13:18,195.5,176.0,163.0,162.0,171.0
123,2023-10-06 13:19,197.0,175.0,164.0,164.0,170.5
124,2023-10-06 13:20,197.5,176.0,165.0,164.0,171.0
125,2023-10-06 13:22,196.0,177.0,166.0,164.0,173.0
126,2023-10-06 13:23,196.0,177.0,166.0,164.0,173.0
127,2023-10-06 13:24,196.5,177.0,165.0,163.0,173.0
128,2023-10-06 13:25,196.5,175.0,165.0,164.0,173.5
129,2023-10-06 13:26,196.0,176.0,166.0,164.0,171.5
130,2023-10-06 13:27,195.5,176.0,166.0,164.0,172.0
131,2023-10-06 13:28,197.0,177.0,165.0,164.0,172.0
132,2023-10-06 13:29,196.0,177.0,164.0,163.0,171.0
133,2023-10-06 13:30,196.5,177.0,166.0,163.0,171.5
134,2023-10-06 13:31,199.0,179.0,166.0,165.0,171.5
135,2023-10-06 13:32,199.0,180.0,166.0,165.0,173.0
136,2023-10-06 13:34,198.0,178.0,167.0,166.0,172.5
137,2023-10-06 13:35,196.5,178.0,166.0,164.0,173.0
138,2023-10-06 13:36,196.5,177.0,166.0,165.0,171.5
139,2023-10-06 13:37,196.0,178.0,166.0,163.0,172.0
140,2023-10-06 13:38,198.0,178.0,165.0,163.0,170.0
141,2023-10-06 13:39,196.5,178.0,165.0,163.0,171.5
142,2023-10-06 13:40,197.5,177.0,165.0,163.0,169.5
143,2023-10-06 13:41,198.5,178.0,165.0,163.0,170.5
144,2023-10-06 13:42,198.0,177.0,165.0,163.0,170.5
145,2023-10-06 13:44,197.5,178.0,166.0,164.0,170.5
146,2023-10-06 13:45,197.5,178.0,165.0,164.0,170.5
147,2023-10-06 13:46,197.5,178.0,165.0,164.0,170.5
148,2023-10-06 13:47,197.5,178.0,165.0,164.0,170.5
149,2023-10-06 13:48,197.5,178.0,165.0,164.0,170.5
150,2023-10-06 13:49,197.5,178.0,165.0,164.0,170.5
151,2023-10-06 13:50,197.5,178.0,165.0,164.0,170.5
152,2023-10-06 13:51,197.5,178.0,165.0,164.0,170.5
153,2023-10-06 13:52,197.5,178.0,165.0,164.0,170.5
154,2023-10-06 13:53,197.5,178.0,165.0,164.0,170.5
155,2023-10-06 13:54,197.5,178.0,165.0,164.0,170.5
156,2023-10-06 13:55,197.5,178.0,165.0,164.0,170.5
157,2023-10-06 13:56,197.5,178.0,165.0,164.0,170.5
158,2023-10-06 13:57,197.5,178.0,165.0,164.0,170.5
159,2023-10-06 13:58,197.5,178.0,165.0,164.0,170.5
160,2023-10-06 13:59,197.5,178.0,165.0,164.0,170.5
161,2023-10-06 14:00,197.5,178.0,165.0,164.0,170.5
162,2023-10-06 14:01,197.5,178.0,165.0,164.0,170.5
163,2023-10-06 14:02,197.5,178.0,165.0,164.0,170.5
164,2023-10-06 14:03,197.5,178.0,165.0,164.0,170.5
165,2023-10-06 14:04,197.5,178.0,165.0,164.0,170.5
166,2023-10-06 14:05,197.5,178.0,165.0,164.0,170.5
167,2023-10-06 14:08,197.5,178.0,165.0,164.0,170.5
168,2023-10-06 14:09,197.5,178.0,165.0,164.0,170.5
169,2023-10-06 14:10,197.5,178.0,165.0,164.0,170.5
170,2023-10-06 14:11,197.5,178.0,165.0,164.0,170.5
171,2023-10-06 14:13,197.5,178.0,165.0,164.0,170.5
172,2023-10-06 14:14,197.5,178.0,165.0,164.0,170.5
173,2023-10-06 14:15,197.5,178.0,165.0,164.0,170.5
174,2023-10-06 14:16,197.5,178.0,165.0,164.0,170.5
175,2023-10-06 14:17,197.5,178.0,165.0,164.0,170.5
176,2023-10-06 14:18,197.5,178.0,165.0,164.0,170.5
177,2023-10-06 14:19,197.5,178.0,165.0,164.0,170.5
178,2023-10-06 14:20,197.5,178.0,165.0,164.0,170.5
179,2023-10-06 14:21,197.5,178.0,165.0,164.0,170.5
180,2023-10-06 14:22,197.5,178.0,165.0,164.0,170.5
181,2023-10-06 14:23,197.5,178.0,165.0,164.0,170.5
182,2023-10-06 14:24,197.5,178.0,165.0,164.0,170.5
183,2023-10-06 14:25,197.5,178.0,165.0,164.0,170.5
184,2023-10-06 14:26,197.5,178.0,165.0,164.0,170.5
185,2023-10-06 14:27,197.5,178.0,165.0,164.0,170.5
186,2023-10-06 14:28,197.5,178.0,165.0,164.0,170.5
187,2023-10-06 14:29,197.5,178.0,165.0,164.0,170.5
188,2023-10-06 14:30,197.5,178.0,165.0,164.0,170.5
189,2023-10-06 14:31,197.5,178.0,165.0,164.0,170.5
190,2023-10-06 14:32,197.5,178.0,165.0,164.0,170.5
191,2023-10-06 14:33,197.5,178.0,165.0,164.0,170.5
192,2023-10-06 14:34,197.5,178.0,165.0,164.0,170.5
193,2023-10-06 19:19,221.5,196.0,175.0,165.0,161.0
194,2023-10-06 19:21,223.5,197.0,177.0,164.0,163.0
195,2023-10-06 19:22,224.0,196.5,177.0,164.0,163.0
196,2023-10-06 19:23,222.0,193.0,174.0,164.0,163.0
197,2023-10-06 19:24,222.5,193.0,172.0,164.0,161.0
198,2023-10-06 19:25,219.0,191.5,173.0,163.0,165.0
199,2023-10-06 19:26,219.0,191.5,173.0,164.0,163.0
200,2023-10-06 19:27,219.0,192.5,174.0,164.0,165.0
201,2023-10-06 19:28,219.0,192.5,174.0,165.0,163.0
202,2023-10-06 19:29,219.0,192.0,174.0,165.0,164.0
203,2023-10-06 19:30,220.0,191.5,173.0,164.0,163.0
204,2023-10-06 19:31,218.5,191.5,173.0,165.0,164.0
205,2023-10-06 19:32,219.5,193.0,172.0,165.0,166.0
206,2023-10-06 19:33,216.5,190.0,173.0,163.0,164.0
207,2023-10-06 19:34,216.0,191.0,172.0,162.0,165.0
208,2023-10-06 19:35,217.0,191.0,173.0,164.0,166.0
209,2023-10-06 19:36,216.5,189.5,174.0,164.0,165.0
210,2023-10-06 19:37,214.5,188.5,172.0,164.0,164.0
211,2023-10-06 19:38,213.5,190.0,173.0,163.0,166.0
212,2023-10-06 19:39,216.5,191.0,172.0,164.0,165.0
213,2023-10-06 19:40,215.0,190.0,172.0,163.0,165.0
214,2023-10-06 19:41,215.0,190.0,172.0,164.0,165.0
215,2023-10-06 19:42,214.0,191.0,173.0,166.0,166.0
216,2023-10-06 19:43,218.0,192.0,174.0,166.0,165.0
217,2023-10-06 19:44,218.0,191.0,173.0,164.0,165.0
218,2023-10-06 19:45,217.0,191.0,172.0,165.0,164.0
219,2023-10-06 19:46,216.5,190.5,174.0,165.0,164.0
220,2023-10-06 19:47,219.5,192.0,174.0,165.0,164.0
221,2023-10-06 19:48,219.5,192.0,174.0,165.0,165.0
222,2023-10-06 19:49,219.5,192.5,175.0,165.0,165.0
223,2023-10-06 19:50,219.5,193.5,174.0,163.0,165.0
224,2023-10-06 19:51,219.5,194.0,173.0,162.0,164.0
225,2023-10-06 19:52,220.0,194.0,175.0,164.0,164.0
226,2023-10-06 19:53,220.0,193.0,174.0,165.0,163.0
227,2023-10-06 19:54,217.0,191.5,174.0,165.0,167.0
228,2023-10-06 19:55,217.5,190.5,173.0,165.0,165.0
229,2023-10-06 19:56,215.5,192.0,173.0,165.0,166.0
230,2023-10-06 19:57,217.0,192.5,173.0,164.0,166.0
231,2023-10-06 19:58,216.5,191.5,174.0,164.0,167.0
232,2023-10-06 19:59,217.0,191.5,173.0,166.0,167.0
233,2023-10-06 20:00,217.0,191.5,173.0,166.0,167.0
234,2023-10-06 20:04,217.0,192.0,174.0,165.0,166.0
235,2023-10-06 20:05,218.0,193.0,174.0,165.0,165.0
236,2023-10-06 20:06,217.5,193.0,175.0,165.0,164.0
237,2023-10-06 20:07,217.5,193.0,174.0,165.0,166.0
238,2023-10-06 20:08,217.0,192.5,174.0,164.0,165.0
239,2023-10-06 20:09,216.5,192.5,172.0,165.0,163.0
240,2023-10-06 20:10,218.0,191.5,172.0,164.0,164.0
241,2023-10-06 20:11,216.5,191.0,172.0,163.0,164.0
242,2023-10-06 20:12,216.0,191.5,171.0,164.0,165.0
243,2023-10-06 20:13,216.0,191.0,172.0,165.0,166.0
244,2023-10-06 20:14,215.0,191.0,172.0,164.0,165.0
245,2023-10-06 20:15,215.0,192.5,172.0,163.0,164.0
246,2023-10-06 20:16,214.5,192.0,173.0,163.0,164.0
247,2023-10-06 20:17,215.0,192.0,172.0,165.0,165.0
248,2023-10-06 20:18,215.0,191.5,173.0,164.0,164.0
249,2023-10-06 20:19,217.0,191.5,174.0,163.0,164.0
250,2023-10-06 20:21,218.0,192.0,172.0,165.0,165.0
251,2023-10-06 20:22,218.0,192.0,173.0,167.0,165.0
252,2023-10-06 20:23,218.0,192.0,173.0,167.0,165.0
253,2023-10-06 20:24,217.5,193.0,175.0,166.0,166.0
254,2023-10-06 20:25,218.0,193.0,174.0,166.0,166.0
255,2023-10-06 20:26,217.5,193.0,173.0,166.0,166.0
256,2023-10-06 20:27,219.5,194.5,173.0,167.0,166.0
257,2023-10-06 20:28,219.0,193.0,173.0,165.0,165.0
258,2023-10-06 20:30,212.5,178.0,171.0,166.0,167.0
259,2023-10-06 20:31,195.0,172.0,162.0,166.0,175.5
260,2023-10-06 20:32,197.5,177.0,168.0,167.0,176.5
261,2023-10-06 20:33,188.5,174.0,164.0,167.0,177.0
262,2023-10-06 20:34,182.0,167.0,162.0,167.0,178.0
263,2023-10-06 20:36,187.0,170.0,164.0,167.0,181.0
264,2023-10-06 20:37,189.0,172.0,165.0,169.0,179.0
265,2023-10-06 20:38,189.0,172.0,164.0,165.0,176.5
266,2023-10-06 20:40,189.0,172.0,166.0,169.0,182.5
267,2023-10-06 20:41,189.0,175.0,167.0,171.0,182.5
268,2023-10-06 20:42,191.0,174.0,168.0,171.0,184.5
269,2023-10-06 20:43,187.0,173.0,167.0,170.0,183.0
270,2023-10-06 20:44,191.5,172.0,166.0,170.0,184.0
271,2023-10-06 20:45,189.0,173.0,166.0,171.0,185.0
272,2023-10-06 20:46,185.0,171.0,166.0,171.0,187.5
273,2023-10-06 20:48,183.0,170.0,166.0,172.0,186.5
274,2023-10-06 20:49,184.0,169.0,167.0,173.0,189.5
275,2023-10-06 20:50,178.0,167.0,164.0,173.5,190.0
276,2023-10-06 20:51,174.0,166.0,166.0,178.0,200.0
277,2023-10-06 20:52,174.0,168.0,170.0,182.5,205.0
278,2023-10-06 20:53,177.0,169.0,173.0,186.0,207.5
279,2023-10-06 20:55,179.0,171.0,174.0,184.0,205.0
280,2023-10-06 20:56,180.0,171.0,174.0,183.5,203.5
281,2023-10-06 20:57,180.0,172.0,174.0,186.5,208.0
282,2023-10-06 20:58,181.0,173.0,175.0,183.5,203.0
283,2023-10-06 20:59,181.0,172.0,173.0,182.5,203.5
284,2023-10-06 21:00,181.0,173.0,173.0,182.0,204.0
285,2023-10-06 21:01,182.0,173.0,176.0,189.5,210.0
286,2023-10-06 21:02,182.0,175.0,179.0,188.5,212.5
287,2023-10-06 21:03,184.0,174.0,174.0,186.5,204.0
288,2023-10-06 21:04,183.0,173.0,174.0,185.0,202.5
289,2023-10-06 21:05,184.0,175.0,173.0,183.5,201.5
290,2023-10-06 21:06,180.0,171.0,170.0,179.5,197.5
291,2023-10-06 21:07,178.0,164.0,163.0,171.5,190.5
292,2023-10-06 21:08,180.0,166.0,161.0,166.0,181.5
293,2023-10-06 21:09,182.0,167.0,163.0,165.5,182.0
294,2023-10-06 21:10,180.0,169.0,163.0,171.0,183.5
295,2023-10-06 21:11,182.0,168.0,166.0,174.5,187.0
296,2023-10-06 21:12,179.0,168.0,164.0,171.5,188.5
297,2023-10-06 21:13,181.0,168.0,161.0,169.0,184.5
298,2023-10-06 21:14,182.0,167.0,161.0,168.5,184.5
299,2023-10-06 21:15,180.0,167.0,164.0,170.0,188.5
300,2023-10-06 21:16,182.0,169.0,163.0,169.0,184.5
301,2023-10-06 21:17,184.0,167.0,164.0,169.0,185.5
302,2023-10-06 21:18,184.0,169.0,165.0,171.0,185.5
303,2023-10-06 21:20,184.0,170.0,164.0,170.0,185.0
304,2023-10-06 21:21,186.0,171.0,163.0,168.0,182.5
305,2023-10-06 21:22,184.5,169.0,163.0,169.0,180.0
306,2023-10-06 21:23,185.5,171.0,164.0,166.0,180.0
307,2023-10-06 21:24,186.0,170.0,163.0,168.0,178.0
308,2023-10-06 21:25,188.5,171.0,165.0,167.0,180.0
309,2023-10-06 21:26,187.5,171.0,164.0,167.0,180.5
310,2023-10-06 21:27,186.0,170.0,163.0,170.0,181.5
311,2023-10-06 21:28,184.0,169.0,166.0,170.0,185.5
312,2023-10-06 21:29,184.0,170.0,167.0,170.0,185.0
313,2023-10-06 21:30,186.0,169.0,166.0,171.0,184.0
314,2023-10-06 21:31,187.0,172.0,165.0,169.0,183.0
315,2023-10-06 21:32,187.0,170.0,164.0,167.0,182.0
316,2023-10-06 21:33,189.5,173.0,165.0,169.0,182.0
317,2023-10-06 21:34,188.5,171.0,164.0,168.0,181.0
318,2023-10-06 21:35,187.0,172.0,166.0,170.0,183.5
319,2023-10-06 21:36,186.0,170.0,166.0,170.0,186.0
320,2023-10-06 21:37,186.0,169.0,162.0,171.0,184.5
321,2023-10-06 21:38,184.0,171.0,167.0,173.0,189.0
322,2023-10-06 21:39,182.0,169.0,167.0,172.5,187.0
323,2023-10-06 21:40,182.0,169.0,165.0,171.0,184.5
324,2023-10-06 21:41,181.0,169.0,164.0,171.0,189.5
325,2023-10-06 21:42,184.0,170.0,164.0,169.5,185.0
326,2023-10-06 21:43,182.0,170.0,164.0,170.0,182.0
327,2023-10-06 21:44,184.0,171.0,165.0,170.0,181.0
328,2023-10-06 21:45,184.0,171.0,166.0,170.0,186.0
329,2023-10-06 21:46,188.5,172.0,163.0,167.0,180.0
330,2023-10-06 21:47,190.0,171.0,161.0,164.0,182.5
331,2023-10-06 21:48,189.0,172.0,164.0,169.0,180.0
332,2023-10-06 21:49,185.0,172.0,164.0,171.0,178.5
333,2023-10-06 21:50,183.0,169.0,166.0,170.0,187.0
334,2023-10-06 21:51,183.0,170.0,166.0,173.0,189.5
335,2023-10-06 21:52,184.0,171.0,166.0,172.0,188.0
336,2023-10-06 21:53,182.0,171.0,166.0,175.5,187.5
337,2023-10-06 21:54,183.0,171.0,167.0,172.0,189.0
338,2023-10-06 21:56,183.0,171.0,167.0,175.0,190.5
339,2023-10-06 21:57,182.0,170.0,167.0,175.5,192.5
340,2023-10-06 21:58,185.0,171.0,167.0,176.0,187.5
341,2023-10-06 21:59,184.0,171.0,166.0,171.0,186.5
342,2023-10-06 22:00,181.0,170.0,167.0,171.0,184.0
343,2023-10-06 22:01,183.0,170.0,166.0,172.0,189.0
344,2023-10-06 22:02,181.0,169.0,165.0,172.0,190.5
345,2023-10-06 22:03,183.0,170.0,165.0,172.5,186.5
346,2023-10-06 22:04,179.0,169.0,168.0,175.0,192.0
347,2023-10-06 22:05,182.0,171.0,167.0,176.0,192.5
348,2023-10-06 22:06,180.0,169.0,169.0,173.0,194.0
349,2023-10-06 22:07,183.0,169.0,168.0,175.0,191.0
350,2023-10-06 22:08,176.0,169.0,168.0,174.5,193.0
351,2023-10-06 22:09,182.0,167.0,167.0,173.5,192.5
352,2023-10-06 22:10,181.0,169.0,167.0,174.0,192.5
353,2023-10-06 22:11,183.0,169.0,166.0,176.5,194.0
354,2023-10-06 22:12,182.0,170.0,165.0,174.0,194.0
355,2023-10-06 22:13,184.0,169.0,165.0,171.0,185.5
356,2023-10-06 22:14,183.0,168.0,165.0,172.0,185.5
357,2023-10-06 22:15,185.0,169.0,164.0,171.0,183.5
358,2023-10-06 22:16,187.0,170.0,165.0,169.0,183.0
359,2023-10-06 22:17,184.0,170.0,165.0,169.0,185.0
360,2023-10-06 22:18,186.0,170.0,164.0,169.0,184.0
361,2023-10-06 22:19,185.0,170.0,164.0,169.0,184.0
362,2023-10-06 22:20,183.0,171.0,165.0,167.0,185.5
363,2023-10-06 22:21,181.0,168.0,165.0,171.5,190.5
364,2023-10-06 22:22,184.0,171.0,165.0,177.0,186.0
365,2023-10-06 22:23,186.0,170.0,164.0,169.0,183.0
366,2023-10-06 22:24,187.5,171.0,164.0,169.0,179.0
367,2023-10-06 22:26,187.5,170.0,161.0,164.0,178.0
368,2023-10-06 22:27,188.5,171.0,163.0,163.0,176.0
369,2023-10-06 22:28,188.0,171.0,162.0,165.0,178.0
370,2023-10-06 22:29,189.0,171.0,161.0,163.0,173.0
371,2023-10-06 22:30,189.5,170.0,160.0,161.0,173.0
372,2023-10-06 22:32,193.5,173.0,159.0,157.0,166.0
373,2023-10-06 22:33,195.5,174.0,160.0,156.0,165.0
374,2023-10-06 22:34,197.5,175.0,161.0,159.0,164.0
375,2023-10-06 22:35,195.5,174.0,161.0,158.0,165.5
376,2023-10-06 22:36,199.5,177.0,161.0,158.0,165.5
377,2023-10-06 22:38,199.5,177.0,164.0,160.0,167.0
378,2023-10-06 22:39,201.0,179.0,163.0,158.0,164.5
379,2023-10-06 22:40,201.0,180.0,164.0,159.0,166.0
380,2023-10-06 22:41,201.5,179.5,164.0,160.0,164.5
381,2023-10-06 22:42,203.5,178.0,164.0,160.0,163.5
382,2023-10-06 22:43,197.5,177.0,161.0,160.0,167.0
383,2023-10-06 22:44,197.0,176.0,161.0,158.0,165.5
384,2023-10-06 22:45,198.0,176.0,162.0,159.0,164.5
385,2023-10-06 22:46,198.0,179.0,160.0,158.0,164.0
386,2023-10-06 22:47,198.5,178.0,161.0,158.0,164.0
387,2023-10-06 22:48,205.5,180.5,163.0,157.0,159.0
388,2023-10-06 22:49,203.5,179.5,163.0,155.0,160.0
389,2023-10-06 22:50,202.5,179.0,163.0,156.0,161.5
390,2023-10-06 22:51,202.5,179.0,163.0,157.0,160.0
391,2023-10-06 22:52,201.0,178.0,163.0,156.0,162.0
392,2023-10-06 22:53,201.5,179.0,163.0,157.0,161.0
393,2023-10-06 22:54,200.0,179.5,163.0,158.0,163.0
394,2023-10-06 22:55,198.0,177.0,161.0,157.0,162.0
395,2023-10-06 22:56,198.0,175.0,160.0,157.0,162.5
396,2023-10-06 22:57,193.0,171.0,158.0,156.0,164.0
397,2023-10-06 22:58,197.0,174.5,160.0,155.0,164.5
398,2023-10-06 22:59,197.5,174.0,160.0,156.0,161.0
399,2023-10-06 23:00,201.0,176.5,161.0,155.0,160.5
400,2023-10-06 23:01,202.0,178.0,161.0,154.0,160.5
401,2023-10-06 23:02,200.0,175.5,161.0,155.0,161.0
402,2023-10-06 23:03,200.0,176.5,160.0,155.0,160.5
403,2023-10-06 23:04,200.0,175.0,158.0,153.0,160.0
404,2023-10-06 23:05,206.5,179.0,161.0,153.0,157.0
405,2023-10-06 23:06,206.5,180.0,160.0,154.0,157.0
406,2023-10-06 23:07,206.5,180.0,161.0,154.0,159.0
407,2023-10-06 23:08,208.0,181.5,162.0,154.0,154.0
408,2023-10-06 23:09,208.5,181.0,163.0,152.0,155.0
409,2023-10-06 23:10,209.0,182.5,162.0,154.0,151.0
410,2023-10-06 23:11,210.5,183.5,162.0,153.0,154.0
411,2023-10-06 23:12,208.5,179.5,162.0,153.0,155.0
412,2023-10-06 23:13,213.0,183.5,163.0,154.0,152.0
413,2023-10-06 23:14,211.5,185.0,161.0,154.0,154.0
414,2023-10-06 23:15,211.5,183.0,163.0,153.0,153.0
415,2023-10-06 23:16,209.5,180.5,162.0,153.0,154.0
416,2023-10-06 23:17,207.5,182.0,162.0,153.0,154.0
417,2023-10-06 23:18,211.0,184.5,165.0,154.0,155.0
418,2023-10-06 23:19,210.0,182.5,162.0,154.0,156.0
419,2023-10-06 23:20,208.0,181.5,163.0,153.0,156.0
420,2023-10-06 23:21,207.0,181.0,163.0,153.0,154.0
421,2023-10-06 23:23,211.0,184.0,163.0,152.0,152.0
422,2023-10-06 23:24,211.0,183.5,161.0,151.0,150.0
423,2023-10-06 23:25,215.0,185.0,162.0,151.0,149.0
424,2023-10-06 23:26,217.5,186.0,164.0,151.0,148.0
425,2023-10-06 23:27,222.0,189.0,163.0,148.0,143.0
426,2023-10-06 23:28,225.0,192.0,166.0,149.0,142.0
427,2023-10-06 23:29,227.5,194.0,167.0,150.0,142.0
428,2023-10-06 23:30,230.0,196.5,168.5,151.0,142.0
429,2023-10-06 23:31,230.5,197.0,170.0,151.0,144.0
430,2023-10-06 23:32,232.0,198.0,169.0,152.0,144.0
431,2023-10-06 23:33,233.5,200.5,171.5,155.0,144.0
432,2023-10-06 23:34,237.5,203.5,175.5,156.0,145.0
433,2023-10-06 23:35,237.5,203.0,176.0,156.0,145.0
434,2023-10-06 23:36,238.5,205.5,178.0,157.0,145.0
435,2023-10-06 23:37,242.0,208.0,178.0,157.0,145.0
436,2023-10-06 23:39,247.5,212.0,181.0,159.0,147.0
437,2023-10-06 23:40,247.5,211.0,181.0,160.5,145.0
438,2023-10-06 23:41,250.0,215.0,182.5,161.0,147.0
439,2023-10-06 23:42,249.0,213.0,182.5,159.0,146.0
440,2023-10-06 23:43,251.0,216.0,185.5,161.5,148.0
441,2023-10-06 23:44,251.0,213.0,182.5,159.5,146.0
442,2023-10-06 23:45,249.5,213.5,181.5,159.5,145.0
443,2023-10-06 23:46,251.0,213.0,182.5,160.0,146.0
444,2023-10-06 23:48,253.0,216.0,184.0,161.0,148.0
445,2023-10-06 23:49,255.5,219.0,186.0,163.0,146.0
446,2023-10-06 23:50,258.0,221.0,187.5,164.0,149.0
447,2023-10-06 23:51,255.5,217.0,186.0,161.5,146.0
448,2023-10-06 23:52,258.5,219.0,187.5,162.5,146.0
449,2023-10-06 23:53,261.5,222.5,189.0,164.5,146.0
450,2023-10-06 23:55,264.0,225.5,190.0,165.5,146.0
451,2023-10-06 23:56,266.5,228.5,194.5,168.5,150.0
452,2023-10-06 23:57,269.0,232.5,198.0,171.0,151.0
453,2023-10-06 23:58,271.0,233.0,199.0,171.0,153.0
454,2023-10-06 23:59,270.5,231.0,198.0,170.5,151.0
455,2023-10-07 00:00,271.0,233.0,198.0,171.0,152.0
456,2023-10-07 00:03,266.0,227.5,193.0,167.5,149.0
457,2023-10-07 00:04,261.5,225.0,189.0,163.0,146.0
458,2023-10-07 00:05,262.0,223.0,189.0,162.0,146.0
459,2023-10-07 00:06,260.5,221.5,188.0,160.5,145.0
460,2023-10-07 00:07,260.0,220.0,187.0,160.5,146.0
461,2023-10-07 00:08,259.5,220.5,188.0,160.0,142.0
462,2023-10-07 00:09,264.5,225.0,192.0,164.5,145.0
463,2023-10-07 00:10,263.0,227.0,191.5,163.5,145.0
464,2023-10-07 00:11,262.0,222.0,188.0,162.5,145.0
465,2023-10-07 00:12,260.0,218.5,185.5,158.0,144.0
466,2023-10-07 00:13,255.5,217.0,183.0,156.5,142.0
467,2023-10-07 00:14,258.0,218.5,185.0,159.5,144.0
468,2023-10-07 00:15,257.5,219.0,185.0,157.0,143.0
469,2023-10-07 00:17,256.0,217.5,183.5,159.5,144.0
470,2023-10-07 00:18,256.5,219.5,184.0,159.0,144.0
471,2023-10-07 00:19,257.5,219.5,186.0,158.0,146.0
472,2023-10-07 00:20,257.0,219.0,184.5,158.0,143.0
473,2023-10-07 00:21,256.0,220.0,182.0,156.0,140.0
474,2023-10-07 00:22,251.5,214.5,181.0,156.5,140.0
475,2023-10-07 00:24,252.0,215.0,181.0,155.0,141.0
476,2023-10-07 00:25,251.5,214.5,180.0,155.5,140.0
477,2023-10-07 00:26,251.5,214.0,181.5,153.0,139.0
478,2023-10-07 00:27,252.0,217.5,181.5,155.5,139.0
479,2023-10-07 00:28,255.5,217.0,183.5,156.0,142.0
480,2023-10-07 00:29,254.5,217.5,183.0,156.5,142.0
481,2023-10-07 00:30,252.5,218.0,182.0,156.0,141.0
482,2023-10-07 00:31,252.0,216.5,181.5,155.5,139.0
483,2023-10-07 00:32,253.0,217.5,180.0,157.0,140.0
484,2023-10-07 00:33,253.0,217.5,180.0,157.0,140.0
485,2023-10-07 00:34,252.5,213.5,179.0,151.0,141.0
486,2023-10-07 00:35,247.5,214.0,177.5,153.0,139.0
487,2023-10-07 00:36,247.5,213.5,179.5,154.0,140.0
488,2023-10-07 00:37,247.5,213.5,179.5,153.0,140.0
489,2023-10-07 00:38,249.0,210.5,177.0,153.0,140.0
490,2023-10-07 00:39,249.5,211.0,177.5,151.5,139.0
491,2023-10-07 00:40,249.5,210.5,177.5,151.0,140.0
492,2023-10-07 00:41,249.5,215.0,179.5,154.0,140.0
493,2023-10-07 00:42,252.5,214.5,180.5,154.0,140.0
494,2023-10-07 00:43,253.5,216.0,184.5,155.5,141.0
495,2023-10-07 00:44,253.0,216.5,181.5,156.5,141.0
496,2023-10-07 00:45,259.0,218.5,183.0,156.5,140.0
497,2023-10-07 00:46,258.5,220.0,188.0,158.5,140.0
498,2023-10-07 00:47,263.0,222.5,188.5,159.5,141.0
499,2023-10-07 00:48,260.5,220.0,188.0,159.5,140.0
500,2023-10-07 00:49,260.0,220.5,186.0,158.0,141.0
501,2023-10-07 00:50,260.0,221.5,187.0,158.0,141.0
502,2023-10-07 00:51,261.0,221.5,185.5,157.0,140.0
503,2023-10-07 00:52,255.0,222.0,182.0,156.0,139.0
504,2023-10-07 00:53,255.0,215.5,182.0,157.0,140.0
505,2023-10-07 00:54,255.0,218.5,180.0,155.5,140.0
506,2023-10-07 00:55,254.5,218.5,182.0,156.5,142.0
507,2023-10-07 00:57,254.5,218.0,182.5,155.5,138.0
508,2023-10-07 00:58,257.5,219.5,182.5,156.0,140.0
509,2023-10-07 00:59,257.5,220.0,182.5,157.0,141.0
510,2023-10-07 01:00,259.0,219.5,183.5,158.0,141.0
511,2023-10-07 01:01,259.0,222.5,187.0,158.0,141.0
512,2023-10-07 01:02,259.5,222.5,187.5,157.0,142.0
513,2023-10-07 01:03,260.5,222.0,184.5,158.0,140.0
514,2023-10-07 01:04,260.5,222.5,186.0,159.0,139.0
515,2023-10-07 01:05,259.0,219.0,187.0,158.0,140.0
516,2023-10-07 01:06,260.5,220.0,186.5,157.0,141.0
517,2023-10-07 01:07,260.0,221.0,185.5,159.5,141.0
518,2023-10-07 01:08,260.0,221.0,185.5,157.5,140.0
519,2023-10-07 01:09,259.0,221.0,186.0,157.5,139.0
520,2023-10-07 01:10,259.5,221.0,186.5,156.5,140.0
521,2023-10-07 01:11,260.5,219.5,188.0,157.5,139.0
522,2023-10-07 01:12,260.0,220.0,185.5,158.5,140.0
523,2023-10-07 01:13,261.0,219.0,188.0,160.0,140.0
524,2023-10-07 01:14,264.0,226.0,190.0,160.5,140.0
525,2023-10-07 01:15,270.5,229.0,192.0,161.5,139.5
526,2023-10-07 01:16,271.0,228.5,192.0,161.0,139.0
527,2023-10-07 01:18,271.0,230.5,191.0,162.5,140.0
528,2023-10-07 01:19,271.0,229.5,192.0,161.0,139.5
529,2023-10-07 01:20,270.0,229.5,191.0,160.0,141.5
530,2023-10-07 01:21,270.0,229.5,191.5,160.5,141.5
531,2023-10-07 01:22,272.5,230.0,191.5,161.0,141.0
532,2023-10-07 01:23,272.5,229.5,191.5,162.5,140.0
533,2023-10-07 01:24,273.5,231.5,193.5,161.0,140.0
534,2023-10-07 01:25,274.0,232.5,193.0,161.5,139.0
535,2023-10-07 01:26,274.0,233.5,192.0,161.5,140.0
536,2023-10-07 01:27,271.5,233.0,193.5,159.5,138.0
537,2023-10-07 01:28,271.0,230.5,192.0,161.0,137.0
538,2023-10-07 01:29,272.0,230.5,190.5,160.5,137.0
539,2023-10-07 01:30,271.0,231.5,192.5,161.5,138.5
540,2023-10-07 01:31,271.0,231.5,193.0,162.0,138.0
541,2023-10-07 01:33,270.5,232.0,193.5,162.0,138.0
542,2023-10-07 01:35,271.0,232.0,193.0,162.0,138.0
543,2023-10-07 01:36,270.5,232.0,192.0,158.5,137.5
544,2023-10-07 01:37,266.5,227.0,188.0,155.5,133.5
545,2023-10-07 01:38,267.0,226.0,186.0,156.0,132.0
546,2023-10-07 01:39,267.5,229.0,190.0,158.0,133.5
547,2023-10-07 01:40,268.0,230.0,191.0,158.5,134.0
548,2023-10-07 01:41,268.0,225.5,190.0,158.0,134.0
549,2023-10-07 01:42,267.0,226.0,187.5,157.0,131.5
550,2023-10-07 01:43,267.0,225.5,187.5,156.5,131.0
551,2023-10-07 01:44,267.5,226.5,187.0,157.0,132.5
552,2023-10-07 01:45,267.5,227.0,187.0,155.0,131.5
553,2023-10-07 01:46,267.0,224.0,186.5,155.5,131.5
554,2023-10-07 01:47,267.5,226.0,189.0,155.0,132.0
555,2023-10-07 01:48,267.5,225.0,188.0,155.5,133.0
556,2023-10-07 01:49,266.5,224.0,187.5,154.0,132.5
557,2023-10-07 01:50,266.0,224.0,188.5,156.0,134.0
558,2023-10-07 01:51,268.0,226.0,187.0,157.0,133.0
559,2023-10-07 01:52,268.0,226.0,187.0,156.0,133.0
560,2023-10-07 01:53,266.5,226.0,186.0,154.0,132.0
561,2023-10-07 01:54,266.5,225.5,186.5,155.0,130.5
562,2023-10-07 01:55,266.0,222.5,187.0,155.5,130.0
563,2023-10-07 01:56,266.0,222.5,188.0,157.5,130.0
564,2023-10-07 01:57,267.0,222.5,187.0,156.0,130.5
565,2023-10-07 01:58,266.0,222.5,187.5,158.0,132.0
566,2023-10-07 01:59,268.0,222.5,191.0,158.0,132.5
567,2023-10-07 02:00,268.0,226.5,190.0,157.0,133.0
568,2023-10-07 02:01,269.0,227.0,189.0,155.5,131.5
569,2023-10-07 02:02,268.0,226.0,188.0,156.0,134.0
570,2023-10-07 02:03,268.0,226.0,188.0,155.5,134.0
571,2023-10-07 02:04,268.0,224.0,189.0,154.0,133.0
572,2023-10-07 02:05,265.0,223.0,186.0,151.5,131.0
573,2023-10-07 02:06,265.0,223.5,187.0,153.5,131.0
574,2023-10-07 02:07,265.0,222.5,187.5,153.5,131.0
575,2023-10-07 02:08,265.5,222.5,186.5,155.5,131.0
576,2023-10-07 02:09,265.0,222.5,186.5,154.5,132.5
577,2023-10-07 02:10,270.0,225.5,185.5,154.0,133.5
578,2023-10-07 02:11,269.5,225.5,190.0,155.5,132.0
579,2023-10-07 02:12,269.5,226.5,190.0,156.0,132.5
580,2023-10-07 02:13,269.5,226.5,187.0,156.5,132.5
581,2023-10-07 02:14,270.0,225.0,187.0,155.5,132.5
582,2023-10-07 02:15,270.0,225.5,186.5,155.0,131.5
583,2023-10-07 02:16,270.0,224.0,187.5,154.5,132.0
584,2023-10-07 02:17,269.5,223.5,187.5,155.5,132.0
585,2023-10-07 02:18,266.5,223.5,186.5,154.0,132.0
586,2023-10-07 02:19,267.0,223.5,186.0,154.5,131.5
587,2023-10-07 02:20,266.5,223.5,186.5,154.5,134.5
588,2023-10-07 02:21,266.5,224.0,186.5,154.0,134.0
589,2023-10-07 02:22,266.5,223.5,188.5,155.0,133.0
590,2023-10-07 02:23,268.0,225.5,187.5,154.0,133.0
591,2023-10-07 02:24,268.5,225.5,187.5,155.0,134.0
592,2023-10-07 02:25,271.5,225.5,187.5,156.0,132.0
593,2023-10-07 02:26,271.5,225.5,189.5,155.0,132.0
594,2023-10-07 02:27,271.5,225.5,189.5,156.0,134.5
595,2023-10-07 02:28,273.0,230.0,191.0,157.5,133.5
596,2023-10-07 02:29,274.0,231.5,192.0,156.5,133.0
597,2023-10-07 02:30,277.0,232.0,193.5,156.5,133.5
598,2023-10-07 02:31,275.0,231.5,192.5,156.5,132.0
599,2023-10-07 02:33,274.0,231.5,190.5,156.0,133.0
600,2023-10-07 02:34,273.0,231.5,191.0,156.5,133.5
601,2023-10-07 02:35,272.5,231.0,190.0,156.5,132.5
602,2023-10-07 02:36,275.5,231.0,192.5,156.0,131.0
603,2023-10-07 02:37,274.5,231.5,192.5,157.5,132.0
604,2023-10-07 02:38,274.5,231.5,192.0,156.5,132.0
605,2023-10-07 02:39,275.0,231.0,192.0,155.5,133.0
606,2023-10-07 02:40,276.0,233.5,192.5,156.5,132.5
607,2023-10-07 02:41,276.0,233.0,192.5,156.0,131.5
608,2023-10-07 02:42,277.0,232.5,193.5,157.0,132.0
609,2023-10-07 02:43,275.0,230.5,193.5,156.0,129.0
610,2023-10-07 02:44,274.0,230.5,193.5,155.5,129.5
611,2023-10-07 02:45,273.0,230.0,193.5,152.5,128.5
612,2023-10-07 02:46,274.0,230.0,193.5,156.5,131.0
613,2023-10-07 02:47,274.5,231.0,192.0,156.0,131.0
614,2023-10-07 02:48,274.5,229.0,189.5,154.5,131.5
615,2023-10-07 02:49,270.5,226.0,188.0,154.0,130.0
616,2023-10-07 02:50,271.5,225.5,189.0,154.5,130.0
617,2023-10-07 02:51,269.0,225.5,189.0,153.0,130.0
618,2023-10-07 02:52,269.0,226.5,189.0,152.5,129.5
619,2023-10-07 02:53,269.0,228.5,188.0,153.0,131.0
620,2023-10-07 02:54,269.0,228.5,187.0,153.0,131.0
621,2023-10-07 02:56,269.0,229.0,188.0,153.5,132.0
622,2023-10-07 02:57,269.0,228.5,188.0,154.5,130.0
623,2023-10-07 02:58,269.0,229.0,188.5,154.5,131.0
624,2023-10-07 02:59,273.5,228.5,189.5,154.0,130.0
625,2023-10-07 03:00,273.5,230.0,190.0,154.0,131.5
626,2023-10-07 03:01,272.5,230.0,190.0,154.0,131.5
627,2023-10-07 03:02,273.0,230.0,189.0,155.0,132.0
628,2023-10-07 03:03,273.0,230.0,189.5,155.0,131.0
629,2023-10-07 03:04,269.0,230.0,189.5,154.0,130.5
630,2023-10-07 03:05,269.5,229.0,186.5,154.0,131.5
631,2023-10-07 03:06,269.5,228.5,189.0,153.0,131.0
632,2023-10-07 03:07,273.5,228.5,191.0,155.0,132.0
633,2023-10-07 03:08,273.5,229.0,190.0,155.0,132.0
634,2023-10-07 03:09,274.0,229.0,189.5,156.5,134.0
635,2023-10-07 03:10,274.0,229.0,189.5,156.5,133.0
636,2023-10-07 03:11,272.5,232.5,190.0,156.0,132.0
637,2023-10-07 03:12,273.5,230.5,191.0,154.0,132.0
638,2023-10-07 03:13,274.0,230.5,188.5,153.5,131.0
639,2023-10-07 03:14,273.5,230.5,188.5,154.0,132.0
640,2023-10-07 03:15,273.5,230.5,188.0,154.0,132.0
641,2023-10-07 03:16,273.5,230.5,192.0,157.0,132.0
642,2023-10-07 03:17,273.5,230.5,191.0,156.5,132.0
643,2023-10-07 03:18,273.5,230.5,191.0,156.0,132.0
644,2023-10-07 03:19,272.0,230.5,190.0,156.0,132.0
645,2023-10-07 03:20,273.0,232.0,191.0,157.0,133.0
646,2023-10-07 03:21,272.5,232.0,191.5,158.0,135.5
647,2023-10-07 03:22,273.0,232.0,191.5,160.0,135.5
648,2023-10-07 03:23,273.0,231.5,193.0,161.0,135.5
649,2023-10-07 03:24,273.0,231.0,195.0,161.0,136.5
650,2023-10-07 03:26,274.5,233.5,196.0,161.5,136.0
651,2023-10-07 03:28,274.0,234.5,196.0,162.0,137.0
652,2023-10-07 03:29,277.5,236.0,195.0,162.0,137.0
653,2023-10-07 03:31,277.5,235.0,198.0,161.0,135.0
654,2023-10-07 03:32,278.0,235.0,197.5,161.0,135.0
655,2023-10-07 03:33,278.0,235.0,198.0,162.0,136.5
656,2023-10-07 03:34,278.0,235.5,193.0,159.5,134.5
657,2023-10-07 03:35,272.5,235.5,193.5,160.0,134.5
658,2023-10-07 03:36,273.0,235.5,193.5,160.0,133.5
659,2023-10-07 03:37,273.5,235.5,194.5,161.5,136.0
660,2023-10-07 03:38,273.5,235.5,194.0,160.5,135.0
661,2023-10-07 03:39,273.0,235.5,194.0,161.0,135.5
662,2023-10-07 03:41,271.0,231.5,194.5,161.5,135.0
663,2023-10-07 03:43,271.5,226.5,192.5,157.0,135.5
664,2023-10-07 03:45,271.5,226.5,192.0,158.0,135.5
665,2023-10-07 03:46,274.0,226.5,191.5,154.5,135.5
666,2023-10-07 03:47,277.0,233.0,191.0,159.0,137.0
667,2023-10-07 03:49,277.0,232.0,194.0,162.0,137.5
668,2023-10-07 03:50,272.0,232.5,192.0,158.0,134.5
669,2023-10-07 03:51,271.0,228.0,190.0,156.5,132.5
670,2023-10-07 03:52,271.0,226.0,190.5,156.5,132.0
671,2023-10-07 03:53,270.0,225.5,188.5,155.5,134.5
672,2023-10-07 03:54,270.0,226.0,188.5,157.0,133.5
673,2023-10-07 03:55,270.5,226.0,187.5,159.0,134.5
674,2023-10-07 03:56,270.5,225.0,187.5,158.0,134.0
675,2023-10-07 03:57,270.5,224.0,187.0,157.0,134.5
676,2023-10-07 03:58,270.5,224.5,188.5,156.0,134.0
677,2023-10-07 03:59,270.0,224.5,188.0,157.5,134.0
678,2023-10-07 04:00,272.5,224.5,188.0,155.5,134.0
679,2023-10-07 04:02,271.5,224.5,188.0,157.0,134.0
680,2023-10-07 04:03,271.5,224.0,187.0,156.0,134.0
681,2023-10-07 04:04,271.5,234.0,187.5,156.5,133.0
682,2023-10-07 04:05,271.0,234.0,193.0,155.0,131.5
683,2023-10-07 04:06,270.5,233.0,192.5,158.0,136.5
684,2023-10-07 04:07,271.0,233.5,193.0,158.0,133.5
685,2023-10-07 04:08,270.5,233.5,191.5,158.0,134.0
686,2023-10-07 04:09,270.5,232.0,191.5,157.5,137.0
687,2023-10-07 04:11,271.0,231.0,196.5,157.5,135.5
688,2023-10-07 04:12,271.5,232.0,197.0,158.5,134.0
689,2023-10-07 04:13,277.0,232.0,190.0,155.5,134.0
690,2023-10-07 04:14,277.0,230.0,197.5,156.0,135.5
691,2023-10-07 04:15,277.0,235.0,190.5,156.5,135.0
692,2023-10-07 04:16,278.0,235.5,191.0,156.5,135.0
693,2023-10-07 04:17,278.0,236.0,191.0,159.0,137.0
694,2023-10-07 04:18,278.0,235.5,191.0,159.0,136.0
695,2023-10-07 04:19,278.0,235.5,190.5,159.0,135.5
696,2023-10-07 04:20,278.0,236.5,191.0,158.5,135.5
697,2023-10-07 04:21,278.0,227.0,187.0,155.5,134.5
698,2023-10-07 04:22,278.0,225.0,187.0,158.0,134.5
699,2023-10-07 04:23,277.0,225.0,188.5,158.0,133.5
700,2023-10-07 04:24,276.5,226.0,188.5,159.0,133.5
701,2023-10-07 04:25,276.5,234.0,188.5,158.0,133.5
702,2023-10-07 04:26,276.5,234.5,191.0,157.5,133.5
703,2023-10-07 04:27,279.5,234.0,191.5,157.0,136.0
704,2023-10-07 04:30,278.5,223.0,192.0,157.0,138.5
705,2023-10-07 04:32,278.5,223.0,192.5,158.5,141.0
706,2023-10-07 04:33,278.5,223.0,190.5,158.5,140.0
707,2023-10-07 04:34,278.0,223.0,192.5,158.5,141.0
708,2023-10-07 04:36,277.5,226.0,191.0,158.5,137.0
709,2023-10-07 04:37,272.5,226.0,187.0,159.0,135.5
710,2023-10-07 04:38,273.0,226.0,187.0,158.0,138.5
711,2023-10-07 04:39,273.0,226.0,187.5,157.0,138.0
712,2023-10-07 04:40,273.0,226.0,191.0,158.0,138.0
713,2023-10-07 04:41,272.5,225.5,192.0,159.0,136.5
714,2023-10-07 04:42,273.0,231.5,190.5,159.0,139.0
715,2023-10-07 04:43,273.0,233.0,191.5,157.5,136.0
716,2023-10-07 04:44,271.5,232.5,192.0,157.0,138.5
717,2023-10-07 04:45,271.5,233.0,192.0,158.5,136.5
718,2023-10-07 04:46,273.0,232.5,192.0,157.5,135.0
719,2023-10-07 04:47,273.0,240.5,192.0,157.0,136.0
720,2023-10-07 04:48,275.0,231.5,192.0,157.5,135.0
721,2023-10-07 04:49,278.0,231.5,193.0,158.0,133.0
722,2023-10-07 04:50,278.0,232.0,193.0,158.0,133.0
723,2023-10-07 04:51,278.5,232.0,192.5,157.5,135.0
724,2023-10-07 04:52,278.0,231.0,192.0,156.5,135.5
725,2023-10-07 04:53,276.5,228.0,192.5,158.0,134.5
726,2023-10-07 04:54,276.5,230.5,191.0,158.5,134.0
727,2023-10-07 04:55,277.5,232.5,191.5,159.0,137.0
728,2023-10-07 04:56,272.0,232.5,191.0,158.5,137.0
729,2023-10-07 04:58,272.0,229.0,193.0,159.0,136.0
730,2023-10-07 04:59,271.5,229.5,192.0,160.5,140.0
